exame,questao,idioma,item,eixo,observacao,justificativa
2021-1,2,,recursos estilísticos.,Aspectos literários,Eixo não informado no gabarito comentado; atribuído pelo projeto a partir do edital de 2021.,"O item ""Recursos estilísticos"" aparece em Língua Portuguesa (eixo Aspectos literários) e em Língua Estrangeira (eixo Construção do texto) no edital de 2021; a questão é do bloco de texto base, sobre uma canção de Milton Nascimento, e o subitem ""figurações e imagens"" é o de Língua Portuguesa."
2021-1,2,,relações semânticas.,Construção do texto,Eixo não informado no gabarito comentado; atribuído pelo projeto a partir do edital de 2021.,Único eixo do edital de 2021 que contém o item.
2021-1,5,,formas de articulação de ideias.,Construção do texto,Eixo não informado no gabarito comentado; atribuído pelo projeto a partir do edital de 2021.,Único eixo do edital de 2021 que contém o item (disciplina portuguesa).
2021-1,6,,relações semânticas.,Construção do texto,Eixo não informado no gabarito comentado; atribuído pelo projeto a partir do edital de 2021.,Único eixo do edital de 2021 que contém o item (disciplina portuguesa).
2021-1,7,,polifonia e intertextualidade.,Construção do texto,Eixo não informado no gabarito comentado; atribuído pelo projeto a partir do edital de 2021.,Único eixo do edital de 2021 que contém o item (disciplina portuguesa).
2021-1,8,,elementos da narrativa.,Aspectos literários,Eixo não informado no gabarito comentado; atribuído pelo projeto a partir do edital de 2021.,Único eixo do edital de 2021 que contém o item (disciplina portuguesa).
2021-1,8,,recursos estilísticos.,Aspectos literários,Eixo não informado no gabarito comentado; atribuído pelo projeto a partir do edital de 2021.,Único eixo do edital de 2021 que contém o item (disciplina portuguesa).
2021-1,9,,representações da realidade.,Aspectos literários,Eixo não informado no gabarito comentado; atribuído pelo projeto a partir do edital de 2021.,Único eixo do edital de 2021 que contém o item (disciplina portuguesa).
2021-1,10,,procedimentos de coesão e coerência.,Construção do texto,Eixo não informado no gabarito comentado; atribuído pelo projeto a partir do edital de 2021.,Único eixo do edital de 2021 que contém o item (disciplina portuguesa).
2021-1,11,,elementos da narrativa.,Aspectos literários,Eixo não informado no gabarito comentado; atribuído pelo projeto a partir do edital de 2021.,Único eixo do edital de 2021 que contém o item (disciplina portuguesa).
2021-1,19,,números naturais.,Aritmética,Eixo não informado no gabarito comentado; atribuído pelo projeto a partir do edital de 2021.,Único eixo do edital de 2021 que contém o item (disciplina matematica).
2021-1,20,,probabilidades e binômio de Newton.,Estatística,Eixo não informado no gabarito comentado; atribuído pelo projeto a partir do edital de 2021.,Único eixo do edital de 2021 que contém o item (disciplina matematica).
2021-1,21,,problemas de contagem.,Álgebra,Eixo não informado no gabarito comentado; atribuído pelo projeto a partir do edital de 2021.,Único eixo do edital de 2021 que contém o item (disciplina matematica).
2021-1,22,,funções.,Álgebra,Eixo não informado no gabarito comentado; atribuído pelo projeto a partir do edital de 2021.,Único eixo do edital de 2021 que contém o item (disciplina matematica).
2021-1,23,,figuras tridimensionais.,Geometria,Eixo não informado no gabarito comentado; atribuído pelo projeto a partir do edital de 2021.,Único eixo do edital de 2021 que contém o item (disciplina matematica).
2021-1,24,,figuras no plano.,Geometria,Eixo não informado no gabarito comentado; atribuído pelo projeto a partir do edital de 2021.,Único eixo do edital de 2021 que contém o item (disciplina matematica).
2021-1,25,,figuras tridimensionais.,Geometria,Eixo não informado no gabarito comentado; atribuído pelo projeto a partir do edital de 2021.,Único eixo do edital de 2021 que contém o item (disciplina matematica).
2021-1,25,,funções,Álgebra,Eixo não informado no gabarito comentado; atribuído pelo projeto a partir do edital de 2021.,Único eixo do edital de 2021 que contém o item (disciplina matematica).
2021-1,26,,integração entre os seres vivos e o meio ambiente.,Os seres vivos e sua relação com o ambiente,Eixo não informado no gabarito comentado; atribuído pelo projeto a partir do edital de 2021.,"Variação de redação do item ""Integração entre seres vivos e meio ambiente"" do edital de 2021 (Biologia)."
2021-1,27,,biodiversidade.,Os seres vivos e sua relação com o ambiente,Eixo não informado no gabarito comentado; atribuído pelo projeto a partir do edital de 2021.,Único eixo do edital de 2021 que contém o item (disciplina biologia).
2021-1,28,,sistemas vitais dos animais e vegetais.,Os seres vivos e sua relação com o ambiente,Eixo não informado no gabarito comentado; atribuído pelo projeto a partir do edital de 2021.,Único eixo do edital de 2021 que contém o item (disciplina biologia).
2021-1,29,,as bases da genética.,Os seres vivos e sua relação com o ambiente,Eixo não informado no gabarito comentado; atribuído pelo projeto a partir do edital de 2021.,Único eixo do edital de 2021 que contém o item (disciplina biologia).
2021-1,29,,sistemas vitais dos animais e vegetais.,Os seres vivos e sua relação com o ambiente,Eixo não informado no gabarito comentado; atribuído pelo projeto a partir do edital de 2021.,Único eixo do edital de 2021 que contém o item (disciplina biologia).
2021-1,30,,sistemas vitais dos animais e vegetais.,Os seres vivos e sua relação com o ambiente,Eixo não informado no gabarito comentado; atribuído pelo projeto a partir do edital de 2021.,Único eixo do edital de 2021 que contém o item (disciplina biologia).
2021-1,31,,células procariotas e eucariotas.,Os seres vivos e sua relação com o ambiente,Eixo não informado no gabarito comentado; atribuído pelo projeto a partir do edital de 2021.,Único eixo do edital de 2021 que contém o item (disciplina biologia).
2021-1,32,,bases moleculares da vida.,OS CONSTITUINTES FUNDAMENTAIS DA MATÉRIA,Eixo não informado no gabarito comentado; atribuído pelo projeto a partir do edital de 2021.,Único eixo do edital de 2021 que contém o item (disciplina biologia).
2021-1,40,,elementos químicos.,Os constituintes fundamentais da matéria,Eixo não informado no gabarito comentado; atribuído pelo projeto a partir do edital de 2021.,Único eixo do edital de 2021 que contém o item (disciplina quimica).
2021-1,41,,radioatividade.,Os constituintes fundamentais da matéria,Eixo não informado no gabarito comentado; atribuído pelo projeto a partir do edital de 2021.,Único eixo do edital de 2021 que contém o item (disciplina quimica).
2021-1,42,,íons e moléculas.,Os constituintes fundamentais da matéria,Eixo não informado no gabarito comentado; atribuído pelo projeto a partir do edital de 2021.,Único eixo do edital de 2021 que contém o item (disciplina quimica).
2021-1,43,,funções químicas.,As substâncias e suas transformações,Eixo não informado no gabarito comentado; atribuído pelo projeto a partir do edital de 2021.,Único eixo do edital de 2021 que contém o item (disciplina quimica).
2021-1,44,,cinética reacional.,As substâncias e suas transformações,Eixo não informado no gabarito comentado; atribuído pelo projeto a partir do edital de 2021.,Único eixo do edital de 2021 que contém o item (disciplina quimica).
2021-1,45,,cálculo estequiométrico simples.,As substâncias e suas transformações,Eixo não informado no gabarito comentado; atribuído pelo projeto a partir do edital de 2021.,Único eixo do edital de 2021 que contém o item (disciplina quimica).
2021-1,46,,equilíbrio iônico em meio aquoso.,As substâncias e suas transformações,Eixo não informado no gabarito comentado; atribuído pelo projeto a partir do edital de 2021.,Único eixo do edital de 2021 que contém o item (disciplina quimica).
2022-1,1,,métodos de argumentação.,Construção do texto,Eixo não informado no gabarito comentado; atribuído pelo projeto a partir do edital de 2022.,Único eixo do edital de 2022 que contém o item.
2022-1,2,,biodiversidade.,Os seres vivos e sua relação com o ambiente,Eixo não informado no gabarito comentado; atribuído pelo projeto a partir do edital de 2022.,Único eixo do edital de 2022 que contém o item.
2022-1,3,,reações químicas.,As substâncias e suas transformações,Eixo não informado no gabarito comentado; atribuído pelo projeto a partir do edital de 2022.,Único eixo do edital de 2022 que contém o item.
2022-1,5,,formas de articulação de ideias.,Construção do texto,Eixo não informado no gabarito comentado; atribuído pelo projeto a partir do edital de 2022.,Único eixo do edital de 2022 que contém o item (disciplina portuguesa).
2022-1,5,,procedimentos de coesão e coerência.,Construção do texto,Eixo não informado no gabarito comentado; atribuído pelo projeto a partir do edital de 2022.,Único eixo do edital de 2022 que contém o item (disciplina portuguesa).
2022-1,6,,o soneto camoniano.,Aspectos literários,Eixo não informado no gabarito comentado; atribuído pelo projeto a partir do edital de 2022.,Único eixo do edital de 2022 que contém o item (disciplina portuguesa).
2022-1,6,,procedimentos de coesão e coerência.,Construção do texto,Eixo não informado no gabarito comentado; atribuído pelo projeto a partir do edital de 2022.,Único eixo do edital de 2022 que contém o item (disciplina portuguesa).
2022-1,7,,perspectivas enunciativas.,Construção do texto,Eixo não informado no gabarito comentado; atribuído pelo projeto a partir do edital de 2022.,Único eixo do edital de 2022 que contém o item (disciplina portuguesa).
2022-1,8,,recursos estilísticos.,Aspectos literários,Eixo não informado no gabarito comentado; atribuído pelo projeto a partir do edital de 2022.,Único eixo do edital de 2022 que contém o item (disciplina portuguesa).
2022-1,8,,relações semânticas.,Construção do texto,Eixo não informado no gabarito comentado; atribuído pelo projeto a partir do edital de 2022.,Único eixo do edital de 2022 que contém o item (disciplina portuguesa).
2022-1,9,,gêneros.,Construção do texto,Eixo não informado no gabarito comentado; atribuído pelo projeto a partir do edital de 2022.,Único eixo do edital de 2022 que contém o item (disciplina portuguesa).
2022-1,10,,procedimentos de coesão e coerência.,Construção do texto,Eixo não informado no gabarito comentado; atribuído pelo projeto a partir do edital de 2022.,Único eixo do edital de 2022 que contém o item (disciplina portuguesa).
2022-1,11,,o soneto camoniano.,Aspectos literários,Eixo não informado no gabarito comentado; atribuído pelo projeto a partir do edital de 2022.,Único eixo do edital de 2022 que contém o item (disciplina portuguesa).
2022-1,11,,procedimentos de coesão e coerência.,Construção do texto,Eixo não informado no gabarito comentado; atribuído pelo projeto a partir do edital de 2022.,Único eixo do edital de 2022 que contém o item (disciplina portuguesa).
2022-1,12,FR,procedimentos de coesão e coerência.,Construção do texto,Eixo não informado no gabarito comentado; atribuído pelo projeto a partir do edital de 2022.,Único eixo do edital de 2022 que contém o item (disciplina estrangeira).
2022-1,13,FR,procedimentos de coesão e coerência.,Construção do texto,Eixo não informado no gabarito comentado; atribuído pelo projeto a partir do edital de 2022.,Único eixo do edital de 2022 que contém o item (disciplina estrangeira).
2022-1,14,FR,procedimentos de coesão e coerência.,Construção do texto,Eixo não informado no gabarito comentado; atribuído pelo projeto a partir do edital de 2022.,Único eixo do edital de 2022 que contém o item (disciplina estrangeira).
2022-1,15,FR,relações semânticas.,Construção do texto,Eixo não informado no gabarito comentado; atribuído pelo projeto a partir do edital de 2022.,Único eixo do edital de 2022 que contém o item (disciplina estrangeira).
2022-1,16,FR,polifonia e intertextualidade.,Construção do texto,Eixo não informado no gabarito comentado; atribuído pelo projeto a partir do edital de 2022.,Único eixo do edital de 2022 que contém o item (disciplina estrangeira).
2022-1,17,FR,gêneros.,Construção do texto,Eixo não informado no gabarito comentado; atribuído pelo projeto a partir do edital de 2022.,Único eixo do edital de 2022 que contém o item (disciplina estrangeira).
2022-1,18,FR,procedimentos de coesão e coerência.,Construção do texto,Eixo não informado no gabarito comentado; atribuído pelo projeto a partir do edital de 2022.,Único eixo do edital de 2022 que contém o item (disciplina estrangeira).
2022-1,19,,números naturais.,Aritmética,Eixo não informado no gabarito comentado; atribuído pelo projeto a partir do edital de 2022.,Único eixo do edital de 2022 que contém o item (disciplina matematica).
2022-1,20,,funções.,Álgebra,Eixo não informado no gabarito comentado; atribuído pelo projeto a partir do edital de 2022.,Único eixo do edital de 2022 que contém o item (disciplina matematica).
2022-1,20,,números reais.,Aritmética,Eixo não informado no gabarito comentado; atribuído pelo projeto a partir do edital de 2022.,Único eixo do edital de 2022 que contém o item (disciplina matematica).
2022-1,21,,números reais.,Aritmética,Eixo não informado no gabarito comentado; atribuído pelo projeto a partir do edital de 2022.,Único eixo do edital de 2022 que contém o item (disciplina matematica).
2022-1,21,,representações.,Estatística,Eixo não informado no gabarito comentado; atribuído pelo projeto a partir do edital de 2022.,Único eixo do edital de 2022 que contém o item (disciplina matematica).
2022-1,22,,figuras no plano.,Geometria,Eixo não informado no gabarito comentado; atribuído pelo projeto a partir do edital de 2022.,Único eixo do edital de 2022 que contém o item (disciplina matematica).
2022-1,22,,funções.,Álgebra,Eixo não informado no gabarito comentado; atribuído pelo projeto a partir do edital de 2022.,Único eixo do edital de 2022 que contém o item (disciplina matematica).
2022-1,23,,figuras no plano.,Geometria,Eixo não informado no gabarito comentado; atribuído pelo projeto a partir do edital de 2022.,Único eixo do edital de 2022 que contém o item (disciplina matematica).
2022-1,24,,juros.,Álgebra,Eixo não informado no gabarito comentado; atribuído pelo projeto a partir do edital de 2022.,Único eixo do edital de 2022 que contém o item (disciplina matematica).
2022-1,25,,probabilidades e binômio de Newton.,Estatística,Eixo não informado no gabarito comentado; atribuído pelo projeto a partir do edital de 2022.,Único eixo do edital de 2022 que contém o item (disciplina matematica).
2022-1,26,,transformações energéticas nos seres vivos.,As substâncias e suas transformações,Eixo não informado no gabarito comentado; atribuído pelo projeto a partir do edital de 2022.,Único eixo do edital de 2022 que contém o item (disciplina biologia).
2022-1,27,,biodiversidade.,Os seres vivos e sua relação com o ambiente,Eixo não informado no gabarito comentado; atribuído pelo projeto a partir do edital de 2022.,Único eixo do edital de 2022 que contém o item (disciplina biologia).
2022-1,28,,multicelularidade.,Os seres vivos e sua relação com o ambiente,Eixo não informado no gabarito comentado; atribuído pelo projeto a partir do edital de 2022.,Único eixo do edital de 2022 que contém o item (disciplina biologia).
2022-1,29,,as bases da genética.,Os seres vivos e sua relação com o ambiente,Eixo não informado no gabarito comentado; atribuído pelo projeto a partir do edital de 2022.,Único eixo do edital de 2022 que contém o item (disciplina biologia).
2022-1,30,,sistemas vitais dos animais e vegetais.,Os seres vivos e sua relação com o ambiente,Eixo não informado no gabarito comentado; atribuído pelo projeto a partir do edital de 2022.,Único eixo do edital de 2022 que contém o item (disciplina biologia).
2022-1,31,,células procariotas e eucariotas.,Os seres vivos e sua relação com o ambiente,Eixo não informado no gabarito comentado; atribuído pelo projeto a partir do edital de 2022.,Único eixo do edital de 2022 que contém o item (disciplina biologia).
2022-1,32,,biodiversidade.,Os seres vivos e sua relação com o ambiente,Eixo não informado no gabarito comentado; atribuído pelo projeto a partir do edital de 2022.,Único eixo do edital de 2022 que contém o item (disciplina biologia).
2022-1,33,,leis de Newton.,A matéria em equilíbrio e em movimento,Eixo não informado no gabarito comentado; atribuído pelo projeto a partir do edital de 2022.,Único eixo do edital de 2022 que contém o item (disciplina fisica).
2022-1,35,,fenômenos térmicos.,As substâncias e suas transformações,Eixo não informado no gabarito comentado; atribuído pelo projeto a partir do edital de 2022.,Único eixo do edital de 2022 que contém o item (disciplina fisica).
2022-1,36,,fenômenos ondulatórios.,A matéria em equilíbrio e em movimento,Eixo não informado no gabarito comentado; atribuído pelo projeto a partir do edital de 2022.,Único eixo do edital de 2022 que contém o item (disciplina fisica).
2022-1,37,,leis de Newton.,A matéria em equilíbrio e em movimento,Eixo não informado no gabarito comentado; atribuído pelo projeto a partir do edital de 2022.,Único eixo do edital de 2022 que contém o item (disciplina fisica).
2022-1,38,,fenômenos elétricos e magnéticos.,A matéria em equilíbrio e em movimento,Eixo não informado no gabarito comentado; atribuído pelo projeto a partir do edital de 2022.,Único eixo do edital de 2022 que contém o item (disciplina fisica).
2022-1,40,,reações químicas.,As substâncias e suas transformações,Eixo não informado no gabarito comentado; atribuído pelo projeto a partir do edital de 2022.,Único eixo do edital de 2022 que contém o item (disciplina quimica).
2022-1,41,,íons e moléculas.,Os constituintes fundamentais da matéria,Eixo não informado no gabarito comentado; atribuído pelo projeto a partir do edital de 2022.,Único eixo do edital de 2022 que contém o item (disciplina quimica).
2022-1,42,,soluções.,As substâncias e suas transformações,Eixo não informado no gabarito comentado; atribuído pelo projeto a partir do edital de 2022.,Único eixo do edital de 2022 que contém o item (disciplina quimica).
2022-1,43,,funções químicas.,As substâncias e suas transformações,Eixo não informado no gabarito comentado; atribuído pelo projeto a partir do edital de 2022.,Único eixo do edital de 2022 que contém o item (disciplina quimica).
2022-1,44,,funções químicas.,As substâncias e suas transformações,Eixo não informado no gabarito comentado; atribuído pelo projeto a partir do edital de 2022.,Único eixo do edital de 2022 que contém o item (disciplina quimica).
2022-1,45,,equilíbrio iônico em meio aquoso.,As substâncias e suas transformações,Eixo não informado no gabarito comentado; atribuído pelo projeto a partir do edital de 2022.,Único eixo do edital de 2022 que contém o item (disciplina quimica).
2022-1,46,,funções químicas.,As substâncias e suas transformações,Eixo não informado no gabarito comentado; atribuído pelo projeto a partir do edital de 2022.,Único eixo do edital de 2022 que contém o item (disciplina quimica).
2023-1,1,,formas de articulação de ideias.,Construção do texto,Eixo não informado no gabarito comentado; atribuído pelo projeto a partir do edital de 2023.,Único eixo do edital de 2023 que contém o item.
2023-1,1,,procedimentos de coesão e coerência.,Construção do texto,Eixo não informado no gabarito comentado; atribuído pelo projeto a partir do edital de 2023.,Único eixo do edital de 2023 que contém o item.
2023-1,2,,funções.,Álgebra,Eixo não informado no gabarito comentado; atribuído pelo projeto a partir do edital de 2023.,Único eixo do edital de 2023 que contém o item.
2023-1,5,,construção da narrativa.,Aspectos literários,Eixo não informado no gabarito comentado; atribuído pelo projeto a partir do edital de 2023.,Único eixo do edital de 2023 que contém o item (disciplina portuguesa).
2023-1,5,,relações semânticas.,Construção do texto,Eixo não informado no gabarito comentado; atribuído pelo projeto a partir do edital de 2023.,Único eixo do edital de 2023 que contém o item (disciplina portuguesa).
2023-1,6,,procedimentos de coesão e coerência.,Construção do texto,Eixo não informado no gabarito comentado; atribuído pelo projeto a partir do edital de 2023.,Único eixo do edital de 2023 que contém o item (disciplina portuguesa).
2023-1,6,,procedimentos de coesão e coerência.,Construção do texto,Eixo não informado no gabarito comentado; atribuído pelo projeto a partir do edital de 2023.,Único eixo do edital de 2023 que contém o item (disciplina portuguesa).
2023-1,7,,gêneros.,Construção do texto,Eixo não informado no gabarito comentado; atribuído pelo projeto a partir do edital de 2023.,Único eixo do edital de 2023 que contém o item (disciplina portuguesa).
2023-1,8,,construção da narrativa,Aspectos literários,Eixo não informado no gabarito comentado; atribuído pelo projeto a partir do edital de 2023.,Único eixo do edital de 2023 que contém o item (disciplina portuguesa).
2023-1,8,,procedimentos de coesão e coerência.,Construção do texto,Eixo não informado no gabarito comentado; atribuído pelo projeto a partir do edital de 2023.,Único eixo do edital de 2023 que contém o item (disciplina portuguesa).
2023-1,9,,relações semânticas.,Construção do texto,Eixo não informado no gabarito comentado; atribuído pelo projeto a partir do edital de 2023.,Único eixo do edital de 2023 que contém o item (disciplina portuguesa).
2023-1,10,,procedimentos de coesão e coerência.,Construção do texto,Eixo não informado no gabarito comentado; atribuído pelo projeto a partir do edital de 2023.,Único eixo do edital de 2023 que contém o item (disciplina portuguesa).
2023-1,10,,usos do verbo.,Construção do texto,Eixo não informado no gabarito comentado; atribuído pelo projeto a partir do edital de 2023.,Único eixo do edital de 2023 que contém o item (disciplina portuguesa).
2023-1,11,,construção da narrativa.,Aspectos literários,Eixo não informado no gabarito comentado; atribuído pelo projeto a partir do edital de 2023.,Único eixo do edital de 2023 que contém o item (disciplina portuguesa).
2023-1,11,,polifonia e intertextualidade.,Construção do texto,Eixo não informado no gabarito comentado; atribuído pelo projeto a partir do edital de 2023.,Único eixo do edital de 2023 que contém o item (disciplina portuguesa).
2023-1,12,EN,polifonia e intertextualidade.,Construção do texto,Eixo não informado no gabarito comentado; atribuído pelo projeto a partir do edital de 2023.,Único eixo do edital de 2023 que contém o item (disciplina estrangeira).
2023-1,12,EN,procedimentos de coesão e coerência.,Construção do texto,Eixo não informado no gabarito comentado; atribuído pelo projeto a partir do edital de 2023.,Único eixo do edital de 2023 que contém o item (disciplina estrangeira).
2023-1,12,EN,relações semânticas.,Construção do texto,Eixo não informado no gabarito comentado; atribuído pelo projeto a partir do edital de 2023.,Único eixo do edital de 2023 que contém o item (disciplina estrangeira).
2023-1,12,FR,procedimentos de coesão e coerência.,Construção do texto,Eixo não informado no gabarito comentado; atribuído pelo projeto a partir do edital de 2023.,Único eixo do edital de 2023 que contém o item (disciplina estrangeira).
2023-1,13,EN,métodos de argumentação.,Construção do texto,Eixo não informado no gabarito comentado; atribuído pelo projeto a partir do edital de 2023.,Único eixo do edital de 2023 que contém o item (disciplina estrangeira).
2023-1,13,EN,polifonia e intertextualidade.,Construção do texto,Eixo não informado no gabarito comentado; atribuído pelo projeto a partir do edital de 2023.,Único eixo do edital de 2023 que contém o item (disciplina estrangeira).
2023-1,13,EN,procedimentos de coesão e coerência.,Construção do texto,Eixo não informado no gabarito comentado; atribuído pelo projeto a partir do edital de 2023.,Único eixo do edital de 2023 que contém o item (disciplina estrangeira).
2023-1,13,EN,usos do verbo.,Construção do texto,Eixo não informado no gabarito comentado; atribuído pelo projeto a partir do edital de 2023.,Único eixo do edital de 2023 que contém o item (disciplina estrangeira).
2023-1,13,FR,polifonia e intertextualidade.,Construção do texto,Eixo não informado no gabarito comentado; atribuído pelo projeto a partir do edital de 2023.,Único eixo do edital de 2023 que contém o item (disciplina estrangeira).
2023-1,14,EN,procedimentos de coesão e coerência.,Construção do texto,Eixo não informado no gabarito comentado; atribuído pelo projeto a partir do edital de 2023.,Único eixo do edital de 2023 que contém o item (disciplina estrangeira).
2023-1,14,FR,relações semânticas.,Construção do texto,Eixo não informado no gabarito comentado; atribuído pelo projeto a partir do edital de 2023.,Único eixo do edital de 2023 que contém o item (disciplina estrangeira).
2023-1,15,EN,procedimentos de coesão e coerência.,Construção do texto,Eixo não informado no gabarito comentado; atribuído pelo projeto a partir do edital de 2023.,Único eixo do edital de 2023 que contém o item (disciplina estrangeira).
2023-1,15,EN,usos do verbo.,Construção do texto,Eixo não informado no gabarito comentado; atribuído pelo projeto a partir do edital de 2023.,Único eixo do edital de 2023 que contém o item (disciplina estrangeira).
2023-1,15,FR,procedimentos de coesão e coerência.,Construção do texto,Eixo não informado no gabarito comentado; atribuído pelo projeto a partir do edital de 2023.,Único eixo do edital de 2023 que contém o item (disciplina estrangeira).
2023-1,16,EN,relações semânticas.,Construção do texto,Eixo não informado no gabarito comentado; atribuído pelo projeto a partir do edital de 2023.,Único eixo do edital de 2023 que contém o item (disciplina estrangeira).
2023-1,16,FR,procedimentos de coesão e coerência.,Construção do texto,Eixo não informado no gabarito comentado; atribuído pelo projeto a partir do edital de 2023.,Único eixo do edital de 2023 que contém o item (disciplina estrangeira).
2023-1,17,EN,formas de articulação de ideias.,Construção do texto,Eixo não informado no gabarito comentado; atribuído pelo projeto a partir do edital de 2023.,Único eixo do edital de 2023 que contém o item (disciplina estrangeira).
2023-1,17,EN,polifonia e intertextualidade.,Construção do texto,Eixo não informado no gabarito comentado; atribuído pelo projeto a partir do edital de 2023.,Único eixo do edital de 2023 que contém o item (disciplina estrangeira).
2023-1,17,EN,procedimentos de coesão e coerência.,Construção do texto,Eixo não informado no gabarito comentado; atribuído pelo projeto a partir do edital de 2023.,Único eixo do edital de 2023 que contém o item (disciplina estrangeira).
2023-1,17,EN,relações semânticas.,Construção do texto,Eixo não informado no gabarito comentado; atribuído pelo projeto a partir do edital de 2023.,Único eixo do edital de 2023 que contém o item (disciplina estrangeira).
2023-1,17,FR,procedimentos de coesão e coerência.,Construção do texto,Eixo não informado no gabarito comentado; atribuído pelo projeto a partir do edital de 2023.,Único eixo do edital de 2023 que contém o item (disciplina estrangeira).
2023-1,18,EN,perspectivas enunciativas.,Construção do texto,Eixo não informado no gabarito comentado; atribuído pelo projeto a partir do edital de 2023.,Único eixo do edital de 2023 que contém o item (disciplina estrangeira).
2023-1,18,EN,procedimentos de coesão e coerência.,Construção do texto,Eixo não informado no gabarito comentado; atribuído pelo projeto a partir do edital de 2023.,Único eixo do edital de 2023 que contém o item (disciplina estrangeira).
2023-1,18,FR,polifonia e intertextualidade.,Construção do texto,Eixo não informado no gabarito comentado; atribuído pelo projeto a partir do edital de 2023.,Único eixo do edital de 2023 que contém o item (disciplina estrangeira).
2023-1,19,,números reais.,Aritmética,Eixo não informado no gabarito comentado; atribuído pelo projeto a partir do edital de 2023.,Único eixo do edital de 2023 que contém o item (disciplina matematica).
2023-1,20,,círculo trigonométrico.,Geometria,Eixo não informado no gabarito comentado; atribuído pelo projeto a partir do edital de 2023.,Único eixo do edital de 2023 que contém o item (disciplina matematica).
2023-1,20,,círculo trigonométrico.,Geometria,Eixo não informado no gabarito comentado; atribuído pelo projeto a partir do edital de 2023.,Único eixo do edital de 2023 que contém o item (disciplina matematica).
2023-1,20,,círculo trigonométrico.,Geometria,Eixo não informado no gabarito comentado; atribuído pelo projeto a partir do edital de 2023.,Único eixo do edital de 2023 que contém o item (disciplina matematica).
2023-1,21,,funções.,Álgebra,Eixo não informado no gabarito comentado; atribuído pelo projeto a partir do edital de 2023.,Único eixo do edital de 2023 que contém o item (disciplina matematica).
2023-1,22,,figuras tridimensionais.,Geometria,Eixo não informado no gabarito comentado; atribuído pelo projeto a partir do edital de 2023.,Único eixo do edital de 2023 que contém o item (disciplina matematica).
2023-1,23,,sucessões.,Álgebra,Eixo não informado no gabarito comentado; atribuído pelo projeto a partir do edital de 2023.,Único eixo do edital de 2023 que contém o item (disciplina matematica).
2023-1,24,,figuras no plano.,Geometria,Eixo não informado no gabarito comentado; atribuído pelo projeto a partir do edital de 2023.,Único eixo do edital de 2023 que contém o item (disciplina matematica).
2023-1,25,,probabilidades e binômio de Newton.,Estatística,Eixo não informado no gabarito comentado; atribuído pelo projeto a partir do edital de 2023.,Único eixo do edital de 2023 que contém o item (disciplina matematica).
2023-1,25,,probabilidades e binômio de Newton.,Estatística,Eixo não informado no gabarito comentado; atribuído pelo projeto a partir do edital de 2023.,Único eixo do edital de 2023 que contém o item (disciplina matematica).
2023-1,26,,células procariotas e eucariotas.,Os seres vivos e sua relação com o ambiente,Eixo não informado no gabarito comentado; atribuído pelo projeto a partir do edital de 2023.,Único eixo do edital de 2023 que contém o item (disciplina biologia).
2023-1,27,,multicelularidade.,Os seres vivos e sua relação com o ambiente,Eixo não informado no gabarito comentado; atribuído pelo projeto a partir do edital de 2023.,Único eixo do edital de 2023 que contém o item (disciplina biologia).
2023-1,28,,sistemas vitais dos animais e vegetais.,Os seres vivos e sua relação com o ambiente,Eixo não informado no gabarito comentado; atribuído pelo projeto a partir do edital de 2023.,Único eixo do edital de 2023 que contém o item (disciplina biologia).
2023-1,29,,células procariotas e eucariotas.,Os seres vivos e sua relação com o ambiente,Eixo não informado no gabarito comentado; atribuído pelo projeto a partir do edital de 2023.,Único eixo do edital de 2023 que contém o item (disciplina biologia).
2023-1,30,,as bases da genética.,Os seres vivos e sua relação com o ambiente,Eixo não informado no gabarito comentado; atribuído pelo projeto a partir do edital de 2023.,Único eixo do edital de 2023 que contém o item (disciplina biologia).
2023-1,31,,sistemas vitais de animais e vegetais.,Os seres vivos e sua relação com o ambiente,Eixo não informado no gabarito comentado; atribuído pelo projeto a partir do edital de 2023.,"Variação de redação do item ""Sistemas vitais dos animais e vegetais"" do edital de 2023 (Biologia)."
2023-1,32,,multicelularidade.,Os seres vivos e sua relação com o ambiente,Eixo não informado no gabarito comentado; atribuído pelo projeto a partir do edital de 2023.,Único eixo do edital de 2023 que contém o item (disciplina biologia).
2023-1,33,,fenômenos térmicos.,As substâncias e suas transformações,Eixo não informado no gabarito comentado; atribuído pelo projeto a partir do edital de 2023.,Único eixo do edital de 2023 que contém o item (disciplina fisica).
2023-1,34,,fenômenos elétricos e magnéticos.,A matéria em equilíbrio e em movimento,Eixo não informado no gabarito comentado; atribuído pelo projeto a partir do edital de 2023.,Único eixo do edital de 2023 que contém o item (disciplina fisica).
2023-1,35,,fenômenos ondulatórios.,A matéria em equilíbrio e em movimento,Eixo não informado no gabarito comentado; atribuído pelo projeto a partir do edital de 2023.,Único eixo do edital de 2023 que contém o item (disciplina fisica).
2023-1,36,,leis de Newton.,A matéria em equilíbrio e em movimento,Eixo não informado no gabarito comentado; atribuído pelo projeto a partir do edital de 2023.,Único eixo do edital de 2023 que contém o item (disciplina fisica).
2023-1,37,,fenômenos elétricos e magnéticos.,A matéria em equilíbrio e em movimento,Eixo não informado no gabarito comentado; atribuído pelo projeto a partir do edital de 2023.,Único eixo do edital de 2023 que contém o item (disciplina fisica).
2023-1,38,,leis de Newton.,A matéria em equilíbrio e em movimento,Eixo não informado no gabarito comentado; atribuído pelo projeto a partir do edital de 2023.,Único eixo do edital de 2023 que contém o item (disciplina fisica).
2023-1,39,,leis de conservação.,A matéria em equilíbrio e em movimento,Eixo não informado no gabarito comentado; atribuído pelo projeto a partir do edital de 2023.,Único eixo do edital de 2023 que contém o item (disciplina fisica).
2023-1,40,,elementos químicos.,Os constituintes fundamentais da matéria,Eixo não informado no gabarito comentado; atribuído pelo projeto a partir do edital de 2023.,Único eixo do edital de 2023 que contém o item (disciplina quimica).
2023-1,41,,funções químicas.,As substâncias e suas transformações,Eixo não informado no gabarito comentado; atribuído pelo projeto a partir do edital de 2023.,Único eixo do edital de 2023 que contém o item (disciplina quimica).
2023-1,42,,funções químicas.,As substâncias e suas transformações,Eixo não informado no gabarito comentado; atribuído pelo projeto a partir do edital de 2023.,Único eixo do edital de 2023 que contém o item (disciplina quimica).
2023-1,43,,entalpia e variação de entalpia.,As substâncias e suas transformações,Eixo não informado no gabarito comentado; atribuído pelo projeto a partir do edital de 2023.,Único eixo do edital de 2023 que contém o item (disciplina quimica).
2023-1,44,,equilíbrio em sistemas homogêneos.,As substâncias e suas transformações,Eixo não informado no gabarito comentado; atribuído pelo projeto a partir do edital de 2023.,Único eixo do edital de 2023 que contém o item (disciplina quimica).
2023-1,45,,radioatividade.,Os constituintes fundamentais da matéria,Eixo não informado no gabarito comentado; atribuído pelo projeto a partir do edital de 2023.,Único eixo do edital de 2023 que contém o item (disciplina quimica).
2023-1,46,,funções químicas.,As substâncias e suas transformações,Eixo não informado no gabarito comentado; atribuído pelo projeto a partir do edital de 2023.,Único eixo do edital de 2023 que contém o item (disciplina quimica).
2024-2,23,ES,formas de articulação de ideias.,Construção do texto,Eixo não informado no gabarito comentado; atribuído pelo projeto a partir do edital de 2024.,Único eixo do edital de 2024 que contém o item (disciplina estrangeira).
2024-2,23,ES,métodos de argumentação.,Construção do texto,Eixo não informado no gabarito comentado; atribuído pelo projeto a partir do edital de 2024.,Único eixo do edital de 2024 que contém o item (disciplina estrangeira).
